01:06.6,236
01:07.6,235
01:08.6,235
01:09.6,215
01:10.6,215
01:11.6,202
01:12.6,202
01:13.6,184
01:14.6,184
01:15.6,184
01:15.6,184
01:16.6,184
01:17.6,184
01:18.6,205
01:19.6,205
01:20.6,193
01:21.6,193
01:22.6,177
01:23.6,177
01:24.6,167
01:25.6,167
01:26.6,180
01:26.6,180
01:27.6,180
01:28.6,239
01:29.6,249
01:30.6,249
01:31.6,249
01:32.6,226
01:33.6,203
01:34.6,203
01:35.6,203
01:36.6,242
01:37.6,242
01:37.6,242
01:38.6,266
01:39.6,266
01:40.5,274
01:41.5,274
01:42.5,279
01:43.5,279
01:44.5,303
01:45.5,303
01:46.5,358
01:47.5,358
01:48.5,809
01:48.5,809
01:49.5,809
01:50.5,1680
01:51.5,1680
01:52.5,2254
01:53.5,2254
01:54.5,2288
01:55.5,2288
01:56.5,1950
01:57.5,1950
01:58.5,1542
01:59.5,1542
01:59.5,1542
02:00.5,1188
02:01.5,1188
02:02.5,950
02:03.5,950
02:04.5,754
02:05.5,754
02:06.5,603
02:07.5,603
02:08.5,528
02:09.5,528
02:10.5,459
02:10.5,459
02:11.5,459
02:12.5,382
02:13.5,382
02:14.5,320
02:15.5,320
02:16.5,302
02:17.5,302
02:18.5,265
02:19.5,265
02:20.5,251
02:21.5,251
02:21.5,251
02:22.5,233
02:23.5,233
02:24.5,203
02:25.5,203
02:26.5,180
02:27.5,180
02:28.5,162
02:29.5,162
02:30.5,164
02:31.5,164
02:32.5,157
02:32.5,157
02:33.5,157
02:34.5,149
02:35.5,149
02:36.5,145
02:37.5,145
02:38.5,137
02:39.5,137
02:40.5,143
02:41.5,143
02:42.4,188
02:43.4,188
02:43.4,188
02:44.5,385
02:45.4,385
02:46.4,600
02:47.4,600
02:48.4,700
02:49.4,700
02:50.4,684
02:51.4,684
02:52.4,591
02:53.4,591
02:54.4,517
02:54.4,517
02:55.4,517
02:56.4,436
02:57.4,436
02:58.4,365
02:59.4,365
03:00.4,324
03:01.4,324
03:02.4,357
03:03.4,357
03:04.4,703
03:05.4,703
03:05.4,703
03:06.4,1239
03:07.4,1239
03:08.4,1386
03:09.4,1386
03:10.4,1272
03:11.4,1272
03:12.4,1072
03:13.4,1072
03:14.4,840
03:15.4,840
03:16.4,636
03:16.4,636
03:17.4,636
03:18.4,515
03:19.4,515
03:20.4,492
03:21.4,492
03:22.4,463
03:23.4,463
03:24.4,445
03:25.4,445
03:26.4,446
03:27.4,446
03:27.4,446
03:28.4,438
03:29.4,438
03:30.4,442
03:31.4,442
03:32.4,448
03:33.4,448
03:34.4,493
03:35.4,493
03:36.4,500
03:37.4,500
03:38.4,527
03:38.4,527
03:39.4,527
03:40.4,542
03:41.4,542
03:42.4,551
03:43.4,551
03:44.4,478
03:45.4,478
03:46.3,420
03:47.3,420
03:48.3,375
03:49.4,375
03:49.4,375
03:50.3,369
03:51.3,369
03:52.3,360
03:53.3,360
03:54.3,346
03:55.3,346
03:56.3,302
03:57.3,302
03:58.3,303
03:59.3,303
04:00.3,275
04:00.3,275
04:01.3,275
04:02.3,245
04:03.3,245
04:04.3,247
04:05.3,247
04:06.3,219
04:07.3,219
04:08.3,229
04:09.3,229
04:10.3,263
04:11.3,263
04:11.3,263
04:12.3,260
04:13.3,260
04:14.3,252
04:15.3,252
04:16.3,250
04:17.3,250
04:18.3,287
04:19.3,287
04:20.3,323
04:21.3,323
04:22.3,344
04:22.3,344
04:23.3,344
04:24.3,563
04:25.3,563
04:26.3,1054
04:27.3,1054
04:28.3,1786
04:29.3,1786
04:30.3,2342
04:31.3,2342
04:32.3,2251
04:33.3,2251
04:33.3,2251
04:34.3,1895
04:35.3,1895
04:36.3,1477
04:37.3,1477
04:38.3,1103
04:39.3,1103
04:40.3,833
04:41.3,833
04:42.3,630
04:43.3,630
04:44.3,507
04:44.3,507
04:45.3,507
04:46.3,435
04:47.3,435
04:48.3,435
04:49.3,404
04:50.3,404
04:51.3,411
04:52.3,359
04:53.3,359
04:54.2,359
04:55.2,302
04:55.2,302
04:56.2,302
04:57.2,258
04:58.2,258
04:59.2,239
05:00.2,239
05:01.2,239
05:02.2,242
05:03.2,242
05:04.2,242
05:05.2,250
05:06.2,250
05:06.2,250
05:07.2,251
05:08.2,251
05:09.2,244
05:10.2,244
05:11.2,240
05:12.2,240
05:13.2,222
05:14.2,222
05:15.2,215
05:16.2,215
05:17.2,212
05:17.2,212
05:18.2,212
05:19.2,197
05:20.2,197
05:21.2,196
05:22.2,196
05:23.2,232
05:24.2,232
05:25.2,243
05:26.2,243
05:27.2,218
05:28.2,218
05:28.2,218
05:29.2,194
05:30.2,194
05:31.2,162
05:32.2,162
05:33.2,140
05:34.2,140
05:35.2,112
05:36.2,141
05:37.2,140
05:38.2,140
05:39.2,140
05:39.2,140
05:40.2,140
05:41.2,133
05:42.2,133
05:43.2,134
05:44.2,134
05:45.2,113
05:46.2,113
05:47.2,102
05:48.2,102
05:49.2,91
05:50.2,91
05:50.2,91
05:51.2,81
05:52.2,81
05:53.2,75
05:54.2,75
05:55.2,81
05:56.2,81
05:57.1,87
05:58.1,87
05:59.1,89
06:00.1,89
06:01.1,86
06:01.1,86
06:02.1,86
06:03.1,87
06:04.1,87
06:05.1,84
06:06.1,84
06:07.1,77
06:08.1,77
06:09.1,73
06:10.1,73
06:11.1,74
06:12.1,74
06:12.1,74
06:13.1,70
06:14.1,70
06:15.1,70
06:16.1,70
06:17.1,64
06:18.1,64
06:19.1,68
06:20.1,68
06:21.1,70
06:22.1,70
06:23.1,71
06:23.1,71
06:24.1,71
06:25.1,75
06:26.1,75
06:27.1,78
06:28.1,78
06:29.1,82
06:30.1,82
06:31.1,83
06:32.1,83
06:33.1,79
06:34.1,79
06:34.1,79
06:35.1,78
06:36.1,78
06:37.1,95
06:38.1,95
06:39.1,168
06:40.1,168
06:41.1,250
06:42.1,250
06:43.1,262
06:44.1,262
06:45.1,444
06:45.1,444
06:46.1,444
06:47.1,642
06:48.1,642
06:49.1,661
06:50.1,661
06:51.1,579
06:52.1,579
06:53.1,531
06:54.1,531
06:55.1,511
06:56.1,511
06:56.1,511
06:57.1,501
06:58.1,501
06:59.0,450
07:00.0,450
07:01.0,427
07:02.0,427
07:03.0,391
07:04.0,391
07:05.0,366
07:06.0,366
07:07.0,335
07:07.0,335
07:08.0,335
07:09.0,301
07:10.0,301
07:11.0,271
07:12.0,271
07:13.0,252
07:14.0,252
07:15.0,226
07:16.0,226
07:17.0,197
07:18.0,197
07:18.0,197
07:19.0,181
07:20.0,181
07:21.0,164
07:22.0,164
07:23.0,246
07:24.0,246
07:25.0,241
07:26.0,241
07:27.0,308
07:28.0,308
07:29.0,379
07:29.0,379
07:30.0,379
07:31.0,374
07:32.0,374
07:33.0,335
07:34.0,335
07:35.0,284
07:36.0,284
07:37.0,260
07:38.0,260
07:39.0,240
07:40.0,240
07:40.0,240
07:41.0,228
07:42.0,228
07:43.0,313
07:44.0,313
07:45.0,605
07:46.0,605
07:47.0,968
07:48.0,968
07:49.0,1851
07:50.0,1851
07:51.0,2559
07:51.0,2559
07:52.0,2559
07:53.0,2573
07:54.0,2573
07:55.0,2193
07:56.0,2193
07:57.0,1744
07:58.0,1744
07:59.0,1360
08:00.0,1360
08:01.0,1004
08:01.9,1004
08:01.9,1004
08:02.9,757
08:03.9,757
08:04.9,580
08:05.9,580
08:06.9,438
08:07.9,438
08:08.9,343
08:09.9,343
08:10.9,273
08:11.9,273
08:12.9,273
08:12.9,273
08:13.9,238
08:14.9,238
08:15.9,202
08:16.9,202
08:17.9,184
08:18.9,184
08:19.9,159
08:20.9,159
08:21.9,161
08:22.9,161
08:23.9,157
08:23.9,157
08:24.9,157
08:25.9,152
08:26.9,152
08:27.9,146
08:28.9,146
08:29.9,122
08:30.9,122
08:31.9,103
08:32.9,103
08:33.9,100
08:34.9,100
08:34.9,100
08:35.9,101
08:36.9,101
08:37.9,99
08:38.9,97
08:39.9,97
08:40.9,97
08:41.9,97
08:42.9,97
08:43.9,95
08:44.9,95
08:45.9,99
08:45.9,99
08:46.9,99
08:47.9,217
08:48.9,217
08:49.9,288
08:50.9,288
08:51.9,300
08:52.9,300
08:53.9,268
08:54.9,268
08:55.9,253
08:56.9,253
08:56.9,253
08:57.9,334
08:58.9,334
08:59.9,418
09:00.9,418
09:01.9,608
09:02.9,608
09:03.9,962
09:04.8,962
09:05.8,1754
09:06.8,1754
09:07.8,2650
09:07.8,2650
09:08.8,2650
09:09.8,2645
09:10.8,2645
09:11.8,2196
09:12.8,2196
09:13.8,1679
09:14.8,1679
09:15.8,1242
09:16.8,1242
09:17.8,963
09:18.8,963
09:18.8,963
09:19.8,769
09:20.8,769
09:21.8,613
09:22.8,613
09:23.8,478
09:24.8,478
09:25.8,380
09:26.8,380
09:27.8,304
09:28.8,304
09:29.8,250
09:29.8,250
09:30.8,250
09:31.8,211
09:32.8,211
09:33.8,183
09:34.8,183
09:35.8,183
09:36.8,183
09:37.8,176
09:38.8,176
09:39.8,170
09:40.8,170
09:40.8,170
09:41.8,147
09:42.8,147
09:43.8,129
09:44.8,129
09:45.8,133
09:46.8,133
09:47.8,130
09:48.8,130
09:49.8,111
09:50.8,111
09:51.8,97
09:51.8,97
09:52.8,97
09:53.8,86
09:54.8,86
09:55.8,78
09:56.8,78
09:57.8,134
09:58.8,134
09:59.8,232
10:00.8,232
10:01.8,502
10:02.8,502
10:02.8,502
10:03.8,700
10:04.8,700
10:05.8,871
10:06.8,871
10:07.7,934
10:08.7,934
10:09.7,922
10:10.7,922
10:11.7,907
10:12.7,907
10:13.7,913
10:13.7,913
10:14.7,913
10:15.7,1406
10:16.7,1406
10:17.7,1871
10:18.7,1871
10:19.7,1781
10:20.7,1781
10:21.7,1488
10:22.7,1488
10:23.7,1180
10:24.7,1180
10:24.7,1180
10:25.7,899
10:26.7,899
10:27.7,680
10:28.7,680
10:29.7,530
10:30.7,530
10:31.7,414
10:32.7,414
10:33.7,368
10:34.7,368
10:35.7,326
10:35.7,326
10:36.7,326
10:37.7,289
10:38.7,289
10:39.7,284
10:40.7,284
10:41.7,277
10:42.7,277
10:43.7,267
10:44.7,267
10:45.7,245
10:46.7,245
10:46.7,245
10:47.7,222
10:48.7,222
10:49.7,211
10:50.7,211
10:51.7,201
10:52.7,201
10:53.7,184
10:54.7,184
10:55.7,179
10:56.7,179
10:57.7,173
10:57.7,173
10:58.7,173
10:59.7,162
11:00.7,162
11:01.7,158
11:02.7,158
11:03.7,159
11:04.7,159
11:05.7,161
11:06.7,161
11:07.7,154
11:08.7,154
11:08.7,154
11:09.6,128
11:10.6,128
11:10.6,128
11:33.3,848
11:34.3,1175
11:35.3,1175
11:36.3,1163
11:37.3,1163
11:38.3,973
11:39.3,973
11:40.3,782
11:41.3,782
11:42.3,617
11:43.3,617
11:43.3,617
11:44.3,503
11:45.3,503
11:46.3,423
11:47.1,423
11:57.6,331
11:58.6,278
11:59.6,278
12:00.6,256
12:01.6,256
12:02.6,226
12:03.6,226
12:04.6,232
12:05.6,232
12:06.6,225
12:06.6,225
12:07.6,225
12:08.6,196
12:09.6,196
12:10.6,166
12:11.6,166
12:12.6,146
12:13.6,146
12:14.6,377
12:15.6,377
12:16.6,585
12:17.6,585
12:17.6,585
12:18.6,653
12:19.6,653
12:20.6,639
12:21.6,639
12:22.6,585
12:23.6,585
12:24.6,495
12:25.6,495
12:26.6,411
12:27.6,411
12:28.6,351
12:28.6,351
12:29.6,351
12:30.6,315
12:31.6,315
12:32.6,296
12:33.6,296
12:34.6,781
12:35.6,781
12:36.6,1211
12:37.6,1211
12:38.6,1231
12:39.6,1231
12:39.6,1231
12:40.6,1056
12:41.5,1056
12:42.5,868
12:43.5,868
12:44.5,688
12:45.5,688
12:46.5,557
12:47.5,557
12:48.5,429
12:49.5,429
12:50.5,369
12:50.5,369
12:51.5,369
12:52.5,305
12:53.5,305
12:54.5,242
12:55.5,242
12:56.5,229
12:57.5,229
12:58.5,208
12:59.5,208
13:00.5,206
13:01.5,206
13:01.5,206
13:02.5,195
13:03.5,195
13:04.5,181
13:05.5,181
13:06.5,159
13:07.5,159
13:08.5,143
13:09.5,143
13:10.5,144
13:11.5,144
13:12.5,165
13:12.5,165
13:13.5,165
13:14.5,178
13:15.5,178
13:16.5,193
13:17.5,193
13:18.5,181
13:19.5,181
13:20.5,155
13:21.5,155
13:22.5,128
13:23.5,128
13:23.5,128
13:24.5,611
13:25.5,611
13:26.5,988
13:27.5,988
13:28.5,1062
13:29.5,1062
13:30.5,949
13:31.5,949
13:32.5,806
13:33.5,806
13:34.5,739
13:34.5,739
13:35.5,739
13:36.5,677
13:37.5,677
13:38.5,644
13:39.5,644
13:40.5,889
13:41.5,889
13:42.5,1424
13:43.5,1424
13:44.4,1541
13:45.4,1541
13:45.4,1541
13:46.4,1399
13:47.4,1399
13:48.4,1157
13:49.4,1157
13:50.4,895
13:51.4,895
13:52.4,699
13:53.4,699
13:54.4,554
13:55.4,554
13:56.4,446
13:56.4,446
13:57.4,446
13:58.4,359
13:59.4,359
14:00.4,300
14:01.4,300
14:02.4,276
14:03.4,276
14:04.4,255
14:05.4,255
14:06.4,253
14:07.4,253
14:07.4,253
14:08.4,265
14:09.4,265
14:10.4,325
14:11.4,325
14:12.4,354
14:13.4,354
14:14.4,379
14:15.4,379
14:16.4,378
14:17.4,378
14:18.4,369
14:18.4,369
14:19.4,369
14:20.4,370
14:21.4,370
14:22.4,369
14:23.4,369
14:24.4,377
14:25.4,377
14:26.4,385
14:27.4,385
14:28.4,391
14:29.4,391
14:29.4,391
14:30.4,383
14:31.4,383
14:32.4,337
14:33.4,337
14:34.4,323
14:35.4,323
14:36.4,294
14:37.4,294
14:38.4,280
14:39.4,280
14:40.4,281
14:40.4,281
14:41.4,281
14:42.4,270
14:43.4,270
14:44.4,272
14:45.4,272
14:46.4,313
14:47.3,313
14:48.3,306
14:49.3,306
14:50.3,337
14:51.3,337
14:51.3,337
14:52.3,365
14:53.3,365
14:54.3,390
14:55.3,390
14:56.3,400
14:57.3,400
14:58.3,398
14:59.3,398
15:00.3,398
15:01.3,390
15:02.3,390
15:02.3,390
15:03.3,350
15:04.3,350
15:05.3,319
15:06.3,319
15:07.3,298
15:08.3,298
15:09.3,261
15:10.3,261
15:11.3,240
15:12.3,240
15:13.3,248
15:13.3,248
15:14.3,248
15:15.3,250
15:16.3,250
15:17.3,266
15:18.3,266
15:19.3,386
15:20.3,386
15:21.3,980
15:22.3,980
15:23.3,1851
15:24.3,1851
15:24.3,1851
15:25.3,2274
15:26.3,2274
15:27.3,2806
15:28.3,2806
15:29.3,2857
15:30.3,2857
15:31.3,2396
15:32.3,2396
15:33.3,1827
15:34.3,1827
15:35.3,1310
15:35.3,1310
15:36.3,1310
15:37.3,1016
15:38.3,1016
15:39.3,803
15:40.3,803
15:41.3,618
15:42.3,618
15:43.3,564
15:44.3,564
15:45.3,492
15:46.3,492
15:46.3,492
15:47.3,419
15:48.3,419
15:49.2,371
15:50.2,371
15:51.2,346
15:52.2,346
15:53.2,322
15:54.2,322
15:55.2,290
15:56.2,290
15:57.2,250
15:57.2,250
15:58.2,250
15:59.2,223
16:00.2,223
16:01.2,198
16:02.2,198
16:03.2,161
16:04.2,161
16:05.2,134
16:06.2,134
16:07.2,116
16:08.2,116
16:08.2,116
16:09.2,115
16:10.2,115
16:11.2,108
16:12.2,108
16:13.2,118
16:14.2,118
16:15.2,138
16:16.2,138
16:17.2,244
16:18.2,244
16:19.2,249
16:19.2,249
16:20.2,249
16:21.2,240
16:22.2,240
16:23.2,248
16:24.2,248
16:25.2,246
16:26.2,246
16:27.2,224
16:28.2,224
16:29.2,213
16:30.2,213
16:30.2,213
16:31.2,192
16:32.2,192
16:33.2,186
16:34.2,186
16:35.2,634
16:36.2,634
16:37.2,1441
16:38.2,1441
16:39.2,2193
16:40.2,2193
16:41.2,2577
16:41.2,2577
16:42.2,2577
16:43.2,2286
16:44.2,2286
16:45.2,1800
16:46.2,1800
16:47.2,1300
16:48.2,1300
16:49.2,953
16:50.2,953
16:51.2,681
16:52.1,681
16:52.1,681
16:53.1,506
16:54.1,506
16:55.1,426
16:56.1,426
16:57.1,368
16:58.1,368
16:59.1,310
17:00.1,310
17:01.1,303
17:02.1,303
17:03.1,267
17:03.1,267
17:04.1,267
17:05.1,219
17:06.1,219
17:07.1,196
17:08.1,196
17:09.1,195
17:10.1,195
17:11.1,200
17:12.1,200
17:13.1,208
17:14.1,208
17:14.1,208
17:15.1,223
17:16.1,223
17:17.1,218
17:18.1,218
17:19.1,213
17:20.1,213
17:21.1,204
17:22.1,204
17:23.1,188
17:24.1,188
17:25.1,275
17:25.1,275
17:26.1,275
17:27.1,309
17:28.1,309
17:29.1,319
17:30.1,319
17:31.1,319
17:32.1,319
17:33.1,328
17:34.1,328
17:35.1,341
17:36.1,341
17:36.1,341
17:37.1,371
17:38.1,371
17:39.1,795
17:40.1,795
17:41.1,1159
17:42.1,1159
17:43.1,1632
17:44.1,1632
17:45.1,1565
17:46.1,1565
17:47.1,1288
17:47.1,1288
17:48.1,1288
17:49.1,1006
17:50.1,1006
17:51.1,811
17:52.1,811
17:53.1,631
17:54.1,631
17:55.0,483
17:56.0,483
17:57.0,379
17:58.0,379
17:58.0,379
17:59.0,326
18:00.0,326
18:01.0,288
18:02.0,288
18:03.0,254
18:04.0,254
18:05.0,215
18:06.0,215
18:07.0,199
18:08.0,199
18:09.0,201
18:09.0,201
18:10.0,201
18:11.0,197
18:12.0,197
18:13.0,195
18:14.0,195
18:15.0,197
18:16.0,197
18:17.0,172
18:18.0,172
18:19.0,156
18:20.0,156
18:20.0,156
18:21.0,155
18:22.0,155
18:23.0,165
18:24.0,165
18:25.0,189
18:26.0,189
18:27.0,189
18:28.0,201
18:29.0,205
18:30.0,205
18:31.0,205
18:31.0,205
18:32.0,201
18:33.0,201
18:34.0,199
18:35.0,173
18:36.0,173
18:37.0,173
18:38.0,161
18:39.0,161
18:40.0,276
18:41.0,276
18:42.0,561
18:42.0,561
18:43.0,561
18:44.0,742
18:45.0,742
18:46.0,792
18:47.0,792
18:48.0,705
18:49.0,705
18:50.0,634
18:51.0,634
18:52.0,826
18:53.0,826
18:53.0,826
18:54.0,1128
18:55.0,1128
18:56.0,1428
18:56.9,1428
18:57.9,1778
18:58.9,1778
18:59.9,1763
19:00.9,1763
19:01.9,1520
19:02.9,1520
19:03.9,1222
19:03.9,1222
19:04.9,1222
19:05.9,944
19:06.9,944
19:07.9,729
19:08.9,729
19:09.9,605
19:10.9,605
19:11.9,493
19:12.9,493
19:13.9,409
19:14.9,409
19:14.9,409
19:15.9,342
19:16.9,342
19:17.9,288
19:18.9,288
19:19.9,241
19:20.9,241
19:21.9,209
19:22.9,209
19:23.9,182
19:24.9,182
19:25.9,160
19:25.9,160
19:26.9,160
19:27.9,141
19:28.9,141
19:29.9,123
19:30.9,123
19:31.9,122
19:32.9,122
19:33.9,111
19:34.9,111
19:35.9,98
19:36.9,98
19:36.9,98
19:37.9,92
19:38.9,92
19:39.9,98
19:40.9,98
19:41.9,146
19:42.9,146
19:43.9,191
19:44.9,191
19:45.9,187
19:46.9,187
19:47.9,177
19:47.9,177
19:48.9,177
19:49.9,178
19:50.9,178
19:51.9,179
19:52.9,179
19:53.9,173
19:54.9,173
19:55.9,165
19:56.9,165
19:57.9,173
19:58.9,173
19:58.9,173
19:59.8,178
20:00.8,178
20:01.8,171
20:02.8,171
20:03.8,169
20:04.8,169
20:05.8,165
20:06.8,165
20:07.8,162
20:08.8,162
20:09.8,153
20:09.8,153
20:10.8,153
20:11.8,134
20:12.8,134
20:13.8,139
20:14.8,139
20:15.8,143
20:16.8,143
20:17.8,162
20:18.8,162
20:19.8,169
20:20.8,169
20:20.8,169
20:21.8,146
20:22.8,146
20:23.8,144
20:24.8,144
20:25.8,148
20:26.8,148
20:27.8,172
20:28.8,172
20:29.8,151
20:30.8,151
20:31.8,145
20:31.8,145
20:32.8,145
20:33.8,137
20:34.8,137
20:35.8,140
20:36.8,140
20:37.8,170
20:38.8,170
20:39.8,168
20:40.8,168
20:41.8,190
20:42.8,190
20:42.8,190
20:43.8,241
20:44.8,241
20:45.8,438
20:46.8,438
20:47.8,736
20:48.8,736
20:49.8,1488
20:50.8,1488
20:51.8,2356
20:52.8,2356
20:53.8,2445
20:53.8,2445
20:54.8,2445
20:55.8,2139
20:56.8,2139
20:57.8,1736
20:58.8,1736
20:59.8,1347
21:00.8,1347
21:01.8,993
21:02.7,993
21:03.7,742
21:04.7,742
21:04.7,742
21:05.7,556
21:06.7,556
21:07.7,425
21:08.7,425
21:09.7,321
21:10.7,321
21:11.7,267
21:12.7,267
21:13.7,248
21:14.7,248
21:15.7,214
21:15.7,214
21:16.7,214
21:17.7,178
21:18.7,178
21:19.7,145
21:20.7,145
21:21.7,111
21:22.7,111
21:23.7,94
21:24.7,94
21:25.7,88
21:26.7,88
21:26.7,88
21:27.7,111
21:28.7,111
21:29.7,116
21:30.7,116
21:31.7,111
21:32.7,111
21:33.7,118
21:34.7,118
21:35.7,121
21:36.7,121
21:37.7,124
21:37.7,124
21:38.7,124
21:39.7,125
21:40.7,125
21:41.7,134
21:42.7,134
21:43.7,130
21:44.7,130
21:45.7,120
21:46.7,120
21:47.7,105
21:48.7,105
21:48.7,105
21:49.7,93
21:50.7,93
21:51.7,93
21:52.7,97
21:53.7,97
21:54.7,94
21:55.7,94
21:56.7,93
21:57.7,93
21:58.7,86
21:59.7,86
21:59.7,86
22:00.7,116
22:01.7,116
22:02.7,436
22:03.7,436
22:04.7,943
22:05.6,943
22:06.6,1168
22:07.6,1168
22:08.6,1207
22:09.6,1207
22:10.6,1114
22:10.6,1114
22:11.6,1114
22:12.6,1018
22:13.6,1018
22:14.6,1278
22:15.6,1278
22:16.6,1504
22:17.6,1504
22:18.6,1782
22:19.6,1782
22:20.6,1633
22:21.6,1633
22:21.6,1633
22:22.6,1344
22:23.6,1344
22:24.6,1094
22:25.6,1094
22:26.6,925
22:27.6,925
22:28.6,790
22:29.6,790
22:30.6,666
22:31.6,666
22:32.6,598
22:32.6,598
22:33.6,598
22:34.6,506
22:35.6,506
22:36.6,405
22:37.6,405
22:38.6,356
22:39.6,356
22:40.6,321
22:41.6,321
22:42.6,278
22:43.6,278
22:43.6,278
22:44.6,241
22:45.6,241
22:46.6,233
22:47.6,233
22:48.6,237
22:49.6,237
22:50.6,262
22:51.6,262
22:52.6,254
22:53.6,254
22:54.6,216
22:54.6,216
22:55.6,216
22:56.6,180
22:57.6,180
22:58.6,148
22:59.6,148
23:00.6,149
23:01.6,149
23:02.6,146
23:03.6,146
23:04.6,180
23:05.6,180
23:05.6,180
23:06.6,193
23:07.5,193
23:08.5,224
23:09.5,224
23:10.5,222
23:11.5,222
23:12.5,218
23:13.5,218
23:14.5,188
23:15.5,188
23:16.5,212
23:16.5,212
23:17.5,212
23:18.5,189
23:19.5,189
23:20.5,190
23:21.5,190
23:22.5,227
23:23.5,227
23:24.5,265
23:25.5,265
23:26.5,287
23:27.5,287
23:27.5,287
23:28.5,261
23:29.5,261
23:30.5,224
23:31.5,224
23:32.5,225
23:33.5,225
23:34.5,233
23:35.5,233
23:36.5,243
23:37.5,243
23:38.5,255
23:38.5,255
23:39.5,255
23:40.5,298
23:41.5,298
23:42.5,386
23:43.5,386
23:44.5,558
23:45.5,558
23:46.5,920
23:47.5,920
23:48.5,1762
23:49.5,1762
23:49.5,1762
23:50.5,1992
23:51.5,1992
23:52.5,1833
23:53.5,1833
23:54.5,1553
23:55.5,1553
23:56.5,1236
23:57.5,1236
23:58.5,931
23:59.5,931
24:00.5,771
24:00.5,771
24:01.5,771
24:02.5,615
24:03.5,615
24:04.5,507
24:05.5,507
24:06.5,414
24:07.5,414
24:08.5,355
24:09.5,355
24:10.4,300
24:11.4,300
24:11.4,300
24:12.4,262
24:13.4,262
24:14.4,237
24:15.4,237
24:16.4,210
24:17.4,210
24:18.4,182
24:19.4,182
24:20.4,162
24:21.4,162
24:22.4,151
24:22.4,151
24:23.4,151
24:24.4,152
24:25.4,152
24:26.4,158
24:27.4,158
24:28.4,196
24:29.4,196
24:30.4,249
24:31.4,249
24:32.4,432
24:33.4,432
24:33.4,432
24:34.4,761
24:35.4,761
24:36.4,1542
24:37.4,1542
24:38.4,1755
24:39.4,1755
24:40.4,1624
24:41.4,1624
24:42.4,1346
24:43.4,1346
24:44.4,1061
24:44.4,1061
24:45.4,1061
24:46.4,862
24:47.4,862
24:48.4,688
24:49.4,688
24:50.4,556
24:51.4,556
24:52.4,457
24:53.4,457
24:54.4,397
24:55.4,397
24:55.4,397
24:56.4,349
24:57.4,349
24:58.4,315
24:59.4,315
25:00.4,287
25:01.4,287
25:02.4,255
25:03.4,255
25:04.4,240
25:05.4,240
25:06.4,212
25:06.4,212
25:07.4,212
25:08.4,200
25:09.4,200
25:10.4,188
25:11.4,188
25:12.4,169
25:13.3,169
25:14.3,172
25:15.3,172
25:16.3,172
25:17.3,187
25:17.3,187
25:18.3,186
25:19.3,186
25:20.3,186
25:21.3,213
25:22.3,213
25:23.3,232
25:24.3,232
25:25.3,246
25:26.3,246
25:27.3,240
25:28.3,240
25:28.3,240
25:29.3,226
25:30.3,226
25:31.3,221
25:32.3,221
25:33.3,221
25:34.3,221
25:35.3,198
25:36.3,198
25:37.3,182
25:38.3,182
25:39.3,166
25:39.3,166
25:40.3,166
25:41.3,142
25:42.3,142
25:43.3,166
25:44.3,166
25:45.3,159
25:46.3,159
25:47.3,152
25:48.3,152
25:49.3,147
25:50.3,147
25:50.3,147
25:51.3,156
25:52.3,156
25:53.3,228
25:54.3,228
25:55.3,341
25:56.3,341
25:57.3,1021
25:58.3,1021
25:59.3,1641
26:00.3,1641
26:01.3,1771
26:01.3,1771
26:02.3,1771
26:03.3,1565
26:04.3,1565
26:05.3,1291
26:06.3,1291
26:07.3,1068
26:08.3,1068
26:09.3,890
26:10.3,890
26:11.3,753
26:12.3,753
26:12.3,753
26:13.3,646
26:14.3,646
26:15.2,559
26:16.2,482
26:17.2,482
26:18.2,482
26:19.2,437
26:20.2,437
26:21.2,408
26:22.2,408
26:23.2,344
26:23.2,344
26:24.2,344
26:25.2,287
26:26.2,287
26:27.2,256
26:28.2,256
26:29.2,261
26:30.2,261
26:31.2,257
26:32.2,257
26:33.2,249
26:34.2,249
26:34.2,249
26:35.2,225
26:36.2,225
26:37.2,219
26:38.2,219
26:39.2,255
26:40.2,255
26:41.2,251
26:42.2,251
26:43.2,429
26:44.2,429
26:45.2,1188
26:45.2,1188
26:46.2,1188
26:47.2,1806
26:48.2,1806
26:49.2,1872
26:50.2,1872
26:51.2,1591
26:52.2,1591
26:53.2,1232
26:54.2,1232
26:55.2,941
26:56.2,941
26:56.2,941
26:57.2,737
26:58.2,737
26:59.2,587
27:00.2,587
27:01.2,468
27:02.2,468
27:03.2,405
27:04.2,405
27:05.2,369
27:06.2,369
27:07.2,323
27:07.2,323
27:08.2,323
27:09.2,282
27:10.2,282
27:11.2,269
27:12.2,269
27:13.2,240
27:14.2,240
27:15.2,233
27:16.2,233
27:17.2,236
27:18.1,236
27:18.1,236
27:19.1,239
27:20.1,239
27:21.1,244
27:22.1,244
27:23.1,294
27:24.1,294
27:25.1,318
27:26.1,318
27:27.1,308
27:28.1,308
27:29.1,271
27:29.1,271
27:30.1,271
27:31.1,247
27:32.1,247
27:33.1,238
27:34.1,238
27:35.1,234
27:36.1,234
27:37.1,215
27:38.1,215
27:39.1,184
27:40.1,184
27:40.1,184
27:41.1,159
27:42.1,159
27:43.1,152
27:44.1,152
27:45.1,133
27:46.1,133
27:47.1,113
27:48.1,113
27:49.1,100
27:50.1,100
27:51.1,107
27:51.1,107
27:52.1,107
27:53.1,109
27:54.1,109
27:55.1,117
27:56.1,117
27:57.1,265
27:58.1,265
27:59.1,330
28:00.1,330
28:01.1,429
28:02.1,429
28:02.1,429
28:03.1,1044
28:04.1,1044
28:05.1,1638
28:06.1,1638
28:07.1,2230
28:08.1,2230
28:09.1,2120
28:10.1,2120
28:11.1,1734
28:12.1,1734
28:13.1,1328
28:13.1,1328
28:14.1,1328
28:15.1,996
28:16.1,996
28:17.1,730
28:18.1,730
28:19.1,600
28:20.1,600
28:21.0,507
28:22.0,507
28:23.0,409
28:24.0,409
28:24.0,409
28:25.0,351
28:26.0,351
28:27.0,303
28:28.0,303
28:29.0,270
28:30.0,270
28:31.0,256
28:32.0,256
28:33.0,264
28:34.0,264
28:35.0,240
28:35.0,240
28:36.0,240
28:37.0,227
28:38.0,227
28:39.0,201
28:40.0,201
28:41.0,187
28:42.0,187
28:43.0,172
28:44.0,172
28:45.0,173
28:46.0,173
28:46.0,173
28:47.0,173
28:48.0,164
28:49.0,164
28:50.0,162
28:51.0,162
28:52.0,164
28:53.0,164
28:54.0,165
28:55.0,165
28:56.0,204
28:57.0,204
28:57.0,204
28:58.0,197
28:59.0,197
29:00.0,189
29:01.0,189
29:02.0,168
29:03.0,168
29:04.0,143
29:05.0,143
29:06.0,179
29:07.0,179
29:08.0,223
29:08.0,223
29:09.0,223
29:10.0,266
29:11.0,266
29:12.0,272
29:13.0,248
29:14.0,248
29:15.0,248
29:16.0,250
29:17.0,250
29:18.0,257
29:19.0,257
29:19.0,257
29:20.0,318
29:21.0,318
29:22.0,326
29:22.9,326
29:23.9,352
29:25.0,352
29:25.9,688
29:26.9,688
29:27.9,1407
29:28.9,1407
29:29.9,1679
29:29.9,1679
29:30.9,1679
29:31.9,1566
29:32.9,1347
29:33.9,1347
29:34.9,1347
29:35.9,1090
29:36.9,877
29:37.9,877
29:38.9,877
29:39.9,712
29:40.9,712
29:40.9,712
29:41.9,573
29:42.9,509
29:43.9,509
29:44.9,509
29:45.9,467
29:46.9,438
29:47.9,438
29:48.9,438
29:49.9,403
29:50.9,403
29:51.9,371
29:51.9,371
29:52.9,371
29:53.9,366
29:54.9,366
29:55.9,398
29:56.9,398
29:57.9,430
29:58.9,430
29:59.9,422
30:00.9,422
30:01.9,418
30:02.9,418
30:02.9,418
30:03.9,395
30:04.9,395
30:05.9,400
30:06.9,400
30:07.9,394
30:08.9,394
30:09.9,385
30:10.9,385
30:11.9,341
30:12.9,341
30:13.9,295
30:13.9,295
30:14.9,295
30:15.9,273
30:16.9,273
30:17.9,255
30:18.9,255
30:19.9,244
30:20.9,244
30:21.9,212
30:22.9,212
30:23.9,195
30:24.9,195
30:24.9,195
30:25.8,204
30:26.8,204
30:27.8,227
30:28.8,227
30:29.8,292
30:30.8,292
30:31.8,910
30:32.8,910
30:33.8,1754
30:34.8,1754
30:35.8,1959
30:35.8,1959
30:36.8,1959
30:37.8,1732
30:38.8,1732
30:39.8,1377
30:40.8,1377
30:41.8,1085
30:42.8,1085
30:43.8,838
30:44.8,838
30:45.8,685
30:46.8,685
30:46.8,685
30:47.8,580
30:48.8,580
30:49.8,497
30:50.8,497
30:51.8,437
30:52.8,437
30:53.8,392
30:54.8,392
30:55.8,387
30:56.8,387
30:57.8,331
30:57.8,331
30:58.8,331
30:59.8,295
31:00.8,295
31:01.8,250
31:02.8,250
31:03.8,215
31:04.8,215
31:05.8,185
31:06.8,185
31:07.8,183
31:08.8,183
31:19.8,189
31:20.8,189
31:21.8,186
31:22.8,186
31:23.8,208
31:24.8,208
31:25.8,207
31:26.8,207
31:27.8,251
31:28.7,251
31:29.7,317
31:30.7,317
31:30.7,317
31:31.7,344
31:32.7,344
31:33.7,358
31:34.7,358
31:35.7,351
31:36.7,351
31:37.7,353
31:38.7,353
31:39.7,467
31:40.7,467
31:41.7,467
31:41.7,467
31:42.7,861
31:43.7,861
31:44.7,1669
31:45.7,1669
31:46.7,2133
31:47.7,2133
31:48.7,2023
31:49.7,2023
31:50.7,1689
31:51.7,1689
31:52.7,1342
31:52.7,1342
31:53.7,1342
31:54.7,1013
31:55.7,1013
31:56.7,766
31:57.7,766
31:58.7,585
31:59.7,460
32:00.7,460
32:01.7,460
32:02.7,388
32:03.7,388
32:03.7,388
32:04.7,348
32:05.7,348
32:06.7,343
32:07.7,343
32:08.7,321
32:09.7,313
32:10.7,313
32:11.7,313
32:12.7,313
32:13.7,313
32:14.7,325
32:14.7,325
32:15.7,325
32:16.7,340
32:17.7,340
32:18.7,335
32:19.7,335
32:20.7,329
32:21.7,329
32:22.7,286
32:23.7,286
32:24.7,244
32:25.7,244
32:25.7,244
32:26.7,204
32:27.7,204
32:28.7,184
32:29.7,184
32:30.7,167
32:31.6,167
32:32.6,146
32:33.6,146
32:34.6,124
32:35.6,124
32:36.6,126
32:36.6,126
32:37.6,126
32:38.6,326
32:39.6,326
32:40.6,743
32:41.6,743
32:42.6,920
32:43.6,920
32:44.6,1029
32:45.6,1029
32:46.6,1028
32:47.6,1028
32:47.6,1028
32:48.6,1087
32:49.6,1087
32:50.6,1175
32:51.6,1175
32:52.6,1527
32:53.6,1527
32:54.6,1771
32:55.6,1771
32:56.6,1582
32:57.6,1582
32:58.6,1258
32:58.6,1258
32:59.6,1258
33:00.6,954
33:01.6,954
33:02.6,725
33:03.6,725
33:04.6,591
33:05.6,591
33:06.6,498
33:07.6,498
33:08.6,425
33:09.6,425
33:09.6,425
33:10.6,383
33:11.6,383
33:12.6,342
33:13.6,342
33:14.6,300
33:15.6,300
33:16.6,255
33:17.6,255
33:18.6,251
33:19.6,251
33:20.6,251
33:20.6,251
33:21.6,251
33:22.6,249
33:23.6,249
33:24.6,213
33:25.6,213
33:26.6,193
33:27.6,193
33:28.6,180
33:29.6,180
33:30.6,173
33:31.6,173
33:31.6,173
33:32.6,163
33:33.5,163
33:34.5,558
33:35.5,558
33:36.5,802
33:37.5,802
33:38.5,851
33:39.5,851
33:40.5,930
33:41.5,930
33:42.5,1582
33:42.5,1582
33:43.5,1582
33:44.5,1675
33:45.5,1675
33:46.5,1482
33:47.5,1482
33:48.5,1200
33:49.5,1200
33:50.5,965
33:51.5,965
33:52.5,793
33:53.5,793
33:53.5,793
33:54.5,631
33:55.5,631
33:56.5,498
33:57.5,498
33:58.5,430
33:59.5,430
34:00.5,384
34:01.5,384
34:02.5,333
34:03.5,333
34:04.5,304
34:04.5,304
34:05.5,304
34:06.5,295
34:07.5,295
34:08.5,283
34:09.5,283
34:10.5,285
34:11.5,285
34:12.5,809
34:13.5,809
34:14.5,1657
34:15.5,1657
34:15.5,1657
34:16.5,1925
34:17.5,1925
34:18.5,1812
34:19.5,1812
34:20.5,1521
34:21.5,1521
34:22.5,1186
34:23.5,1186
34:24.5,908
34:25.5,908
34:26.5,686
34:26.5,686
34:27.5,686
34:28.5,544
34:29.5,544
34:30.5,436
34:31.5,436
34:32.5,372
34:33.5,372
34:34.5,302
34:35.5,302
34:36.4,239
34:37.4,239
34:37.4,239
34:38.4,227
34:39.4,227
34:40.4,274
34:41.4,274
34:42.4,740
34:43.4,740
34:44.4,1186
34:45.4,1186
34:46.4,2140
34:47.4,2140
34:48.4,2520
34:48.4,2520
34:49.4,2520
34:50.4,2353
34:51.4,2353
34:52.4,2248
34:53.4,2248
34:54.4,2348
34:55.4,2348
34:56.4,3859
34:57.4,3859
34:58.4,4873
34:59.4,4873
34:59.4,4873
35:00.4,4807
35:01.4,4807
35:02.4,3965
35:03.4,3965
35:04.4,2918
35:05.4,2918
35:06.4,2085
35:07.4,2085
35:08.4,1499
35:09.4,1499
35:10.4,1142
35:10.4,1142
35:11.4,1142
35:12.4,1142
35:13.4,880
35:14.4,880
35:15.4,665
35:16.4,665
35:17.4,511
35:18.4,511
35:19.4,413
35:20.4,413
35:21.4,353
35:21.4,353
35:22.4,353
35:23.4,314
35:24.4,314
35:25.4,318
35:26.4,318
35:27.4,374
35:28.4,374
35:29.4,387
35:30.4,387
35:31.4,388
35:32.4,388
35:32.4,388
35:33.4,387
35:34.4,393
35:35.4,393
35:36.4,393
35:37.4,381
35:38.4,381
35:39.3,353
35:40.3,353
35:41.3,325
35:42.3,325
35:43.3,624
35:43.3,624
35:44.3,624
35:45.3,1260
35:46.3,1260
35:47.3,1479
35:48.3,1376
35:49.3,1376
35:50.3,1376
35:51.3,1171
35:52.3,1060
35:53.3,1060
35:54.3,1060
35:54.3,1060
35:55.3,1046
35:56.3,1046
35:57.3,1681
35:58.3,1857
35:59.3,1857
36:00.3,1857
36:01.3,1634
36:02.3,1634
36:03.3,1367
36:04.3,1367
36:05.3,1129
36:05.3,1129
36:06.3,1129
36:07.3,943
36:08.3,943
36:09.3,750
36:10.3,750
36:11.3,622
36:12.3,622
36:13.3,536
36:14.3,536
36:15.3,440
36:16.3,440
36:16.3,440
36:17.3,424
36:18.3,424
36:19.3,418
36:20.3,418
36:21.3,400
36:22.3,400
36:23.3,394
36:24.3,394
36:25.3,396
36:26.3,396
36:27.3,408
36:27.3,408
36:28.3,408
36:29.3,422
36:30.3,422
36:31.3,414
36:32.3,414
36:33.3,413
36:34.3,413
36:35.3,418
36:36.3,418
36:37.3,469
36:38.3,469
36:38.3,469
36:39.3,472
36:40.3,472
36:41.2,471
36:42.2,471
36:43.2,459
36:44.2,459
36:45.2,428
36:46.2,428
36:47.2,404
36:48.2,404
36:49.2,403
36:49.2,403
36:50.2,403
36:51.2,357
36:52.2,357
36:53.2,327
36:54.2,327
36:55.2,280
36:56.2,280
36:57.2,258
36:58.2,258
36:59.2,247
37:00.2,247
37:00.2,247
37:01.2,267
37:02.2,267
37:03.2,263
37:04.2,263
37:05.2,240
37:06.2,240
37:07.2,221
37:08.2,221
37:09.2,222
37:10.2,222
37:11.2,218
37:11.2,218
37:12.2,218
37:13.2,258
37:14.2,258
37:15.2,320
37:16.2,320
37:17.2,353
37:18.2,353
37:19.2,351
37:20.2,351
37:21.2,354
37:22.2,354
37:22.2,354
37:23.2,354
37:24.2,354
37:25.2,354
37:26.2,354
37:27.2,354
37:28.2,354
37:29.2,350
37:30.2,350
37:31.2,344
37:32.2,344
37:33.2,326
37:33.2,326
37:34.2,326
37:35.2,282
37:36.2,282
37:37.2,244
37:38.2,244
37:39.2,252
37:40.2,252
37:41.2,276
37:42.2,276
37:43.2,267
37:44.1,267
37:44.1,267
37:45.1,260
37:46.1,260
37:47.1,260
37:48.1,260
37:49.1,259
37:50.1,259
37:51.1,297
37:52.1,297
37:53.1,291
37:54.1,291
37:55.1,321
37:55.1,321
37:56.1,321
37:57.1,360
37:58.1,360
37:59.1,366
38:00.1,366
38:01.1,373
38:02.1,373
38:03.1,343
38:04.1,343
38:05.1,330
38:06.1,330
38:06.1,330
38:07.1,339
38:08.1,339
38:09.1,344
38:10.1,344
38:11.1,351
38:12.1,351
38:13.1,347
38:14.1,347
38:15.1,533
38:16.1,533
38:17.1,658
38:17.1,658
38:18.1,658
38:19.1,695
38:20.1,695
38:21.1,682
38:22.1,682
38:23.1,723
38:24.1,723
38:25.1,770
38:26.1,770
38:27.1,697
38:28.1,697
38:28.1,697
38:29.1,606
38:30.1,606
38:31.1,517
38:32.1,517
38:33.1,429
38:34.1,429
38:35.1,402
38:36.1,402
38:37.1,371
38:38.1,371
38:39.1,371
38:39.1,371
38:40.1,405
38:41.1,405
38:42.1,423
38:43.1,423
38:44.1,435
38:45.1,435
38:46.1,419
38:47.0,419
38:48.0,388
38:49.0,388
38:50.0,328
38:50.0,328
38:51.0,328
38:52.0,284
38:53.0,284
38:54.0,231
38:55.0,231
38:56.0,202
38:57.0,202
38:58.0,182
38:59.0,182
39:00.0,205
39:01.0,205
39:01.0,205
39:02.0,246
39:03.0,246
39:04.0,256
39:05.0,256
39:06.0,246
39:07.0,246
39:08.0,239
39:09.0,239
39:10.0,241
39:11.0,241
39:12.0,232
39:12.0,232
39:13.0,232
39:14.0,197
39:15.0,160
39:16.0,160
39:17.0,160
39:18.0,155
39:19.0,155
39:20.0,237
39:21.0,237
39:22.0,326
39:23.0,326
39:23.0,326
39:24.0,420
39:25.0,420
39:26.0,419
39:27.0,419
39:28.0,417
39:29.0,417
39:30.0,387
39:31.0,387
39:32.0,322
39:33.0,322
39:34.0,275
39:34.0,275
39:35.0,275
39:36.0,244
39:37.0,244
39:38.0,220
39:39.0,220
39:40.0,192
39:41.0,192
39:42.0,183
39:43.0,183
39:44.0,183
39:45.0,183
39:45.0,183
39:46.0,191
39:47.0,191
39:48.0,188
39:48.9,188
39:49.9,181
39:50.9,181
39:51.9,181
39:52.9,181
39:53.9,179
39:54.9,179
39:55.9,187
39:55.9,187
39:56.9,187
39:57.9,227
39:58.9,227
39:59.9,233
40:00.9,233
40:01.9,252
40:02.9,252
40:03.9,285
40:04.9,285
40:05.9,295
40:06.9,295
40:06.9,295
40:07.9,352
40:08.9,352
40:09.9,352
40:10.9,352
40:11.9,321
40:12.9,321
40:13.9,265
40:14.9,265
40:15.9,256
40:16.9,256
40:17.9,318
40:17.9,318
40:18.9,318
40:19.9,378
40:20.9,378
40:21.9,400
40:22.9,400
40:23.9,441
40:24.9,441
40:25.9,480
40:26.9,480
40:27.9,435
40:28.9,435
40:28.9,435
40:29.9,434
40:30.9,434
40:31.9,406
40:32.9,406
40:33.9,434
40:34.9,434
40:35.9,478
40:36.9,478
40:37.9,523
40:38.9,523
40:39.9,529
40:39.9,529
40:40.9,529
40:41.9,484
40:42.9,484
40:43.9,420
40:44.9,420
40:45.9,388
40:46.9,388
40:47.9,363
40:48.9,363
40:49.9,345
40:50.9,345
40:50.9,345
40:51.8,297
40:52.8,297
40:53.8,249
40:54.8,249
40:55.8,237
40:56.8,237
40:57.8,259
40:58.8,259
40:59.8,333
41:00.8,333
41:01.8,367
41:01.8,367
41:02.8,367
41:03.8,368
41:04.8,368
41:05.8,337
41:06.8,337
41:07.8,308
41:08.8,308
41:09.8,286
41:10.8,286
41:11.8,238
41:12.8,238
41:12.8,238
41:13.8,193
41:14.8,193
41:15.8,182
41:16.8,182
41:17.8,187
41:18.8,187
41:19.8,193
41:20.8,193
41:21.8,218
41:22.8,218
41:23.8,221
41:23.8,221
41:24.8,221
41:25.8,212
41:26.8,212
41:27.8,177
41:28.8,177
41:29.8,141
41:30.8,141
41:31.8,173
41:32.8,173
41:33.8,201
41:34.8,201
41:34.8,201
41:35.8,247
41:36.8,247
41:37.8,253
41:38.8,253
41:39.8,261
41:40.8,261
41:41.8,272
41:42.8,272
41:43.8,248
41:44.8,248
41:45.8,223
41:45.8,223
41:46.8,223
41:47.8,196
41:48.8,196
41:49.8,153
41:50.8,153
41:51.8,153
41:52.8,153
41:53.8,247
41:54.7,247
41:55.7,300
41:56.7,300
41:56.7,300
41:57.7,307
41:58.7,307
41:59.7,262
42:00.7,262
42:01.7,243
42:02.7,243
42:03.7,211
42:04.7,211
42:05.7,211
42:06.7,220
42:07.7,220
42:07.7,220
42:08.7,251
42:09.7,251
42:10.7,273
42:11.7,273
42:12.7,313
42:13.7,313
42:14.7,323
42:15.7,323
42:16.7,311
42:17.7,311
42:18.7,272
42:18.7,272
42:19.7,272
42:20.7,245
42:21.7,245
42:22.7,246
42:23.7,246
42:24.7,247
42:25.7,247
42:26.7,253
42:27.7,253
42:28.7,248
42:29.7,248
42:29.7,248
42:30.7,245
42:31.7,245
42:32.7,235
42:33.7,235
42:34.7,238
42:35.7,238
42:36.7,234
42:37.7,234
42:38.7,233
42:39.7,233
42:40.7,231
42:40.7,231
42:41.7,230
42:42.7,230
42:43.7,207
42:44.7,207
42:45.7,207
42:46.7,189
42:47.7,175
42:48.7,175
42:49.7,175
42:50.7,170
42:51.7,167
42:51.7,167
42:52.7,167
42:53.7,167
42:54.7,164
42:55.7,164
42:56.6,200
42:57.6,200
42:58.6,205
42:59.6,205
43:00.6,209
43:01.6,209
43:02.6,176
43:02.6,176
43:03.6,176
43:04.6,167
43:05.6,167
43:06.6,145
43:07.6,145
43:08.6,136
43:09.6,136
43:10.6,138
43:11.6,138
43:12.6,147
43:13.6,147
43:13.6,147
43:14.6,180
43:15.6,180
43:16.6,208
43:17.6,208
43:18.6,222
43:19.6,222
43:20.6,224
43:21.6,224
43:22.6,229
43:23.6,229
43:24.6,254
43:24.6,254
43:25.6,254
43:26.6,252
43:27.6,252
43:28.6,256
43:29.6,256
43:30.6,253
43:31.6,253
43:32.6,248
43:33.6,248
43:34.6,244
43:35.6,244
43:35.6,244
43:36.6,240
43:37.6,240
43:38.6,238
43:39.6,238
43:40.6,268
43:41.6,268
43:42.6,287
43:43.6,287
43:44.6,322
43:45.6,322
43:46.6,348
43:46.6,348
43:47.6,348
43:48.6,357
43:49.6,357
43:50.6,352
43:51.6,352
43:52.6,343
43:53.6,343
43:54.6,329
43:55.6,329
43:56.6,310
43:57.6,310
43:57.6,310
43:58.6,284
43:59.5,284
44:00.5,258
44:01.5,258
44:02.5,219
44:03.5,219
44:04.5,207
44:05.5,207
44:06.5,207
44:07.5,207
44:08.5,179
44:08.5,179
44:09.5,179
44:10.5,155
44:11.5,155
44:12.5,150
44:13.5,150
44:14.5,153
44:15.5,153
44:16.5,177
44:17.5,177
44:18.5,191
44:19.5,191
44:19.5,191
44:20.5,193
44:21.5,193
44:22.5,167
44:23.5,167
44:24.5,147
44:25.5,147
44:26.5,148
44:27.5,148
44:28.5,157
44:29.5,157
44:30.5,180
44:30.5,180
44:31.5,180
44:32.5,215
44:33.5,215
44:34.5,250
44:35.5,250
44:36.5,261
44:37.5,261
44:38.5,257
44:39.5,257
44:40.5,248
44:41.5,248
44:41.5,248
44:42.5,232
44:43.5,232
44:44.5,216
44:45.5,216
44:46.5,204
44:47.5,204
44:48.5,203
44:49.5,203
44:50.5,224
44:51.5,224
44:52.5,238
44:52.5,238
44:53.5,238
44:54.5,246
44:55.5,246
44:56.5,242
44:57.5,242
44:58.5,232
44:59.5,232
45:00.5,215
45:01.5,215
45:02.4,237
45:03.4,237
45:03.4,237
45:04.4,259
45:05.4,259
45:06.4,258
45:07.4,258
45:08.4,260
45:09.4,260
45:10.4,290
45:11.4,290
45:12.4,333
45:13.4,333
45:14.4,324
45:14.4,324
45:15.4,324
45:16.4,288
45:17.4,288
45:18.4,275
45:19.4,275
45:20.4,240
45:21.4,240
45:22.4,239
45:23.4,239
45:24.4,243
45:25.4,243
45:25.4,243
45:26.4,220
45:27.4,220
45:28.4,189
45:29.4,189
45:30.4,160
45:31.4,160
45:32.4,160
45:33.4,147
45:34.4,145
45:35.4,145
45:36.4,145
45:36.4,145
45:37.4,149
45:38.4,149
45:39.4,149
45:40.4,149
45:41.4,128
45:42.4,128
45:43.4,113
45:44.4,113
45:45.4,105
45:46.4,105
45:47.4,114
45:47.4,114
45:48.4,114
45:49.4,118
45:50.4,118
45:51.4,120
45:52.4,120
45:53.4,136
45:54.4,136
45:55.4,140
45:56.4,140
45:57.4,143
45:58.4,143
45:58.4,143
45:59.4,174
46:00.4,174
46:01.4,180
46:02.4,180
46:03.4,220
46:04.4,220
46:05.3,250
46:06.3,250
46:07.3,277
46:08.3,277
46:09.3,280
46:09.3,280
46:10.3,280
46:11.3,289
46:12.3,289
46:13.3,305
46:14.3,305
46:15.3,307
46:16.3,306
46:17.3,306
46:18.3,306
46:19.3,301
46:20.3,301
46:20.3,301
46:21.3,280
46:22.3,280
46:23.3,259
46:24.3,259
46:25.3,248
46:26.3,248
46:27.3,238
46:28.3,238
46:29.3,206
46:30.3,206
46:31.3,183
46:31.3,183
46:32.3,183
46:33.3,167
46:34.3,167
46:35.3,154
46:36.3,154
46:37.3,146
46:38.3,146
46:39.3,151
46:40.3,151
46:41.3,143
46:42.3,143
46:42.3,143
46:43.3,137
46:44.3,137
46:45.3,128
46:46.3,128
46:47.3,124
46:48.3,124
46:49.3,117
46:50.3,117
46:51.3,103
46:52.3,103
46:53.3,94
46:53.3,94
46:54.3,94
46:55.3,89
46:56.3,89
46:57.3,82
46:58.3,82
46:59.3,82
47:00.3,82
47:01.3,83
47:02.3,83
47:03.3,83
47:04.3,83
47:04.3,83
47:05.3,77
47:06.3,77
47:07.2,83
47:08.2,83
47:09.2,91
47:10.2,91
47:11.2,96
47:12.2,96
47:13.2,126
47:14.2,126
47:15.2,181
47:15.2,181
47:16.2,181
47:17.2,213
47:18.2,213
47:19.2,236
47:20.2,236
47:21.2,242
47:22.2,242
47:23.2,218
47:24.2,218
47:25.2,182
47:26.2,182
47:26.2,182
47:27.2,173
47:28.2,173
47:29.2,176
47:30.2,176
47:31.2,174
47:32.2,174
47:33.2,169
47:34.2,169
47:35.2,146
47:36.2,146
47:37.2,125
47:37.2,125
47:38.2,125
47:39.2,109
47:40.2,109
47:41.2,137
47:42.2,137
47:43.2,162
47:44.2,162
47:45.2,184
47:46.2,184
47:47.2,184
47:48.2,184
47:48.2,184
47:49.2,180
47:50.2,180
47:51.2,156
47:52.2,156
47:53.2,131
47:54.2,131
47:55.2,112
47:56.2,112
47:57.2,105
47:58.2,105
47:59.2,109
47:59.2,109
48:00.2,109
48:01.2,121
48:02.2,121
48:03.2,168
48:04.2,168
48:05.2,174
48:06.2,174
48:07.2,171
48:08.2,171
48:09.2,166
48:10.1,166
48:10.1,166
48:11.1,160
48:12.1,160
48:13.1,155
48:14.1,155
48:15.1,140
48:16.1,140
48:17.1,123
48:18.1,123
48:19.1,125
48:20.1,125
48:21.1,126
48:21.1,126
48:22.1,126
48:23.1,128
48:24.1,128
48:25.1,137
48:26.1,137
48:27.1,157
48:28.1,157
48:29.1,176
48:30.1,176
48:31.1,176
48:32.1,176
48:32.1,176
48:33.1,171
48:34.1,171
48:35.1,176
48:36.1,176
48:37.1,183
48:38.1,183
48:39.1,184
48:40.1,184
48:41.1,177
48:42.1,177
48:43.1,175
48:43.1,175
48:44.1,175
48:45.1,197
48:46.1,197
48:47.1,207
48:48.1,207
48:49.1,219
48:50.1,219
48:51.1,203
48:52.1,203
48:53.1,204
48:54.1,204
48:54.1,204
48:55.1,207
48:56.1,207
48:57.1,207
48:58.1,207
48:59.1,185
49:00.1,185
49:01.1,185
49:02.1,157
49:03.1,153
49:04.1,153
49:05.1,153
49:05.1,153
49:06.1,147
49:07.1,147
49:08.1,156
49:09.1,162
49:10.1,162
49:11.1,162
49:12.1,170
49:13.0,170
49:14.0,164
49:15.0,164
49:16.0,158
49:16.0,158
49:17.0,147
49:18.0,147
49:19.0,147
49:20.0,133
49:21.0,133
49:22.0,117
49:23.0,117
49:24.0,112
49:25.0,112
49:26.0,118
49:27.0,118
49:27.0,118
49:28.0,136
49:29.0,136
49:30.0,136
49:31.0,136
49:32.0,138
49:33.0,138
49:34.0,126
49:35.0,126
49:36.0,131
49:37.0,131
49:38.0,134
49:38.0,134
49:39.0,134
49:40.0,134
49:41.0,134
49:42.0,141
49:43.0,141
49:44.0,133
49:45.0,133
49:46.0,115
49:47.0,115
49:48.0,100
49:49.0,100
49:49.0,100
49:50.0,91
49:51.0,91
49:52.0,82
49:53.0,82
49:54.0,94
49:55.0,94
49:56.0,97
49:57.0,97
49:58.0,89
49:59.0,89
50:00.0,86
50:00.0,86
50:01.0,86
50:02.0,84
50:03.0,84
50:04.0,75
50:05.0,68
50:06.0,68
50:07.0,68
50:08.0,63
50:09.0,63
50:10.0,64
50:11.0,64
50:11.0,64
50:12.0,62
50:13.0,62
50:14.0,69
50:14.9,69
50:15.9,139
50:16.9,139
50:17.9,178
50:18.9,178
50:19.9,181
50:20.9,181
50:21.9,172
50:21.9,172
50:22.9,172
50:23.9,162
50:24.9,162
50:25.9,155
50:26.9,155
50:27.9,150
50:28.9,150
50:29.9,144
50:30.9,144
50:31.9,133
50:32.9,133
50:32.9,133
50:33.9,125
50:34.9,125
50:35.9,129
50:36.9,129
50:37.9,138
50:38.9,138
50:39.9,142
50:40.9,142
50:41.9,135
50:42.9,135
50:43.9,144
50:43.9,144
50:44.9,144
50:45.9,182
50:46.9,182
50:47.9,177
50:48.9,177
50:49.9,176
50:50.9,176
50:51.9,175
50:52.9,175
50:53.9,176
50:54.9,176
50:54.9,176
50:55.9,172
50:56.9,172
50:57.9,166
50:58.9,166
50:59.9,157
51:00.9,157
51:01.9,154
51:02.9,154
51:03.9,130
51:04.9,130
51:05.9,112
51:05.9,112
51:06.9,112
51:07.9,101
51:08.9,101
51:09.9,102
51:10.9,102
51:11.9,101
51:12.9,101
51:13.9,109
51:14.9,109
51:15.9,140
51:16.9,140
51:16.9,140
51:17.8,153
51:18.8,153
51:19.8,153
51:20.8,153
51:21.8,177
51:22.8,177
51:23.8,199
51:24.8,199
51:25.8,198
51:26.8,198
51:27.8,173
51:27.8,173
51:28.8,173
51:29.8,145
51:30.8,145
51:31.8,117
51:32.8,117
51:33.8,103
51:34.8,103
51:35.8,94
51:36.8,94
51:37.8,94
51:38.8,94
51:38.8,94
51:39.8,96
51:40.8,96
51:41.8,101
51:42.8,101
51:43.8,128
51:44.8,128
51:45.8,161
51:46.8,161
51:47.8,178
51:48.8,178
51:49.8,191
51:49.8,191
51:50.8,191
51:51.8,185
51:52.8,185
51:53.8,175
51:54.8,175
51:55.8,170
51:56.8,170
51:57.8,159
51:58.8,159
51:59.8,153
52:00.8,153
52:00.8,153
52:01.8,154
52:02.8,154
52:03.8,159
52:04.8,159
52:05.8,176
52:06.8,176
52:07.8,179
52:08.8,179
52:09.8,188
52:10.8,188
52:11.8,218
52:11.8,218
52:12.8,218
52:13.8,262
52:14.8,262
52:15.8,260
52:16.8,260
52:17.8,232
52:18.8,232
52:19.8,191
52:20.7,191
52:21.7,167
52:22.7,167
52:22.7,167
52:23.7,167
52:24.7,135
52:25.7,135
52:26.7,112
52:27.7,112
52:28.7,112
52:29.7,112
52:30.7,115
52:31.7,115
52:32.7,146
52:33.7,186
52:33.7,186
52:34.7,186
52:35.7,186
52:36.7,201
52:37.7,201
52:38.7,202
52:39.7,199
52:40.7,199
52:41.7,199
52:42.7,197
52:43.7,197
52:44.7,192
52:44.7,192
52:45.7,192
52:46.7,180
52:47.7,180
52:48.7,179
52:49.7,179
52:50.7,169
52:51.7,169
52:52.7,177
52:53.7,177
52:54.7,181
52:55.7,181
52:55.7,181
52:56.7,187
52:57.7,187
52:58.7,241
52:59.7,241
53:00.7,341
53:01.7,341
53:02.7,514
53:03.7,599
53:04.7,599
53:05.7,599
53:06.7,590
53:06.7,590
53:07.7,590
53:08.7,544
53:09.7,544
53:10.7,504
53:11.7,504
53:12.7,448
53:13.7,399
53:14.7,399
53:15.7,375
53:16.7,375
53:17.7,375
53:17.7,375
53:18.7,341
53:19.7,305
53:20.7,305
53:21.7,305
53:22.6,264
53:23.6,264
53:24.6,258
53:25.6,248
53:26.6,248
53:27.6,248
53:28.6,249
53:28.6,249
53:29.6,249
53:30.6,246
53:31.6,250
53:32.6,250
53:33.6,250
53:34.6,255
53:35.6,255
53:36.6,252
53:37.6,252
53:38.6,252
53:39.6,252
53:39.6,252
53:40.6,245
53:41.6,245
53:42.6,241
53:43.6,241
53:44.6,235
53:45.6,235
53:46.6,210
53:47.6,210
53:48.6,197
53:49.6,197
53:50.6,178
53:50.6,178
53:51.6,178
53:52.6,163
53:53.6,163
53:54.6,150
53:55.6,150
53:56.6,133
53:57.6,133
53:58.6,131
53:59.6,131
54:00.6,140
54:01.6,140
54:01.6,140
54:02.6,139
54:03.6,139
54:04.6,134
54:05.6,134
54:06.6,145
54:07.6,145
54:08.6,144
54:09.6,144
54:10.6,150
54:11.6,150
54:12.6,151
54:12.6,151
54:13.6,151
54:14.6,148
54:15.6,148
54:16.6,145
54:17.6,145
54:18.6,153
54:19.6,153
54:20.6,157
54:21.6,157
54:22.6,156
54:23.6,156
54:23.6,156
54:24.6,183
54:25.5,183
54:26.5,183
54:27.5,183
54:28.5,182
54:29.5,182
54:30.5,192
54:31.5,192
54:32.5,218
54:33.5,218
54:34.5,249
54:34.5,249
54:35.5,249
54:36.5,271
54:37.5,271
54:38.5,269
54:39.5,269
54:40.5,272
54:41.5,272
54:42.5,272
54:43.5,272
54:44.5,271
54:45.5,271
54:45.5,271
54:46.5,265
54:47.5,265
54:48.5,265
54:49.5,265
54:50.5,260
54:51.5,260
54:52.5,237
54:53.5,237
54:54.5,215
54:55.5,215
54:56.5,196
54:56.5,196
54:57.5,196
54:58.5,180
54:59.5,180
55:00.5,189
55:01.5,189
55:02.5,184
55:03.5,184
55:04.5,174
55:05.5,174
55:06.5,154
55:07.5,154
55:07.5,154
55:08.5,139
55:09.5,139
55:10.5,130
55:11.5,130
55:12.5,130
55:13.5,130
55:14.5,156
55:15.5,156
55:16.5,166
55:17.5,166
55:18.5,167
55:18.5,167
55:19.5,167
55:20.5,165
55:21.5,165
55:22.5,159
55:23.5,159
55:24.5,147
55:25.5,147
55:26.5,127
55:27.5,127
55:28.4,110
55:29.4,110
55:29.4,110
55:30.4,102
55:31.4,102
55:32.4,106
55:33.4,106
55:34.4,104
55:35.4,104
55:36.4,104
55:37.4,104
55:38.4,102
55:39.4,102
55:40.4,100
55:40.4,100
55:41.4,100
55:42.4,99
55:43.4,99
55:44.4,102
55:45.4,102
55:46.4,102
55:47.4,102
55:48.4,103
55:49.4,103
55:50.4,103
55:51.4,101
55:51.4,101
55:52.4,101
55:53.4,97
55:54.4,97
55:55.4,91
55:56.4,91
55:57.4,88
55:58.4,88
55:59.4,88
56:00.4,88
56:01.4,97
56:02.4,97
56:02.4,97
56:03.4,95
56:04.4,95
56:05.4,92
56:06.4,92
56:07.4,86
56:08.4,86
56:09.4,80
56:10.4,80
56:11.4,81
56:12.4,81
56:13.4,81
56:13.4,81
56:14.4,81
56:15.4,81
56:16.4,81
56:17.4,79
56:18.4,79
56:19.4,79
56:20.4,80
56:21.4,80
56:22.4,80
56:23.4,81
56:24.4,81
56:24.4,81
56:25.4,81
56:26.4,81
56:27.4,84
56:28.4,84
56:29.5,84
56:30.4,84
56:31.3,84
56:32.3,84
56:33.3,84
56:34.3,84
56:35.3,86
56:35.3,86
56:36.3,86
56:37.3,87
56:38.3,87
56:39.3,90
56:40.3,90
56:41.3,93
56:42.3,93
56:43.3,94
56:44.3,94
56:45.3,96
56:46.3,96
56:46.3,96
56:47.3,108
56:48.3,108
56:49.3,136
56:50.3,136
56:51.3,135
56:52.3,135
56:53.3,129
56:54.3,129
56:55.3,112
56:56.3,112
56:57.3,110
56:57.3,110
56:58.3,110
56:59.3,109
57:00.3,109
57:01.3,112
57:02.3,112
57:03.3,114
57:04.3,114
57:05.3,134
57:06.3,134
57:07.3,132
57:08.3,132
57:08.3,132
57:09.3,129
57:10.3,129
57:11.3,128
57:12.3,128
57:13.3,130
57:14.3,130
57:15.3,137
57:16.3,137
57:17.3,140
57:18.3,140
57:19.3,150
57:19.3,150
57:20.3,150
57:21.3,156
57:22.3,156
57:23.3,166
57:24.3,166
57:25.3,160
57:26.3,160
57:27.3,149
57:28.3,149
57:29.3,137
57:30.3,137
57:30.3,137
57:31.3,125
57:32.3,125
57:33.2,113
57:34.2,113
57:35.2,106
57:36.2,106
57:37.2,105
57:38.2,105
57:39.2,109
57:40.2,109
57:41.2,113
57:41.2,113
57:42.2,113
57:43.2,132
57:44.2,132
57:45.2,142
57:46.2,142
57:47.2,137
57:48.2,137
57:49.2,139
57:50.2,139
57:51.2,132
57:52.2,132
57:52.2,132
57:53.2,137
57:54.2,137
57:55.2,129
57:56.2,129
57:57.2,121
57:58.2,121
57:59.2,105
58:00.2,105
58:01.2,112
58:02.2,112
58:03.2,113
58:03.2,113
58:04.2,113
58:05.2,111
58:06.2,111
58:07.2,110
58:08.2,110
58:09.2,136
58:10.2,136
58:11.2,143
58:12.2,143
58:13.2,143
58:14.2,143
58:14.2,143
58:15.2,134
58:16.2,134
58:17.2,113
58:18.2,113
58:19.2,114
58:20.2,114
58:21.2,108
58:22.2,108
58:23.2,103
58:24.2,103
58:25.2,108
58:25.2,108
58:26.2,108
58:27.2,109
58:28.2,109
58:29.2,112
58:30.2,112
58:31.2,115
58:32.2,115
58:33.2,125
58:34.2,125
58:35.2,140
58:36.1,140
58:36.1,140
58:37.2,144
58:38.1,144
58:39.1,142
58:40.1,142
58:41.1,145
58:42.1,145
58:43.1,145
58:44.1,145
58:45.1,150
58:46.1,150
58:47.1,144
58:47.1,144
58:48.1,144
58:49.1,144
58:50.1,144
58:51.1,142
58:52.1,112
58:53.1,140
58:54.1,140
58:55.2,144
58:56.1,144
58:57.1,147
58:58.1,147
58:58.1,147
58:59.1,156
59:00.1,156
59:01.1,156
59:02.1,156
59:03.1,152
59:04.1,152
59:05.1,149
59:06.1,149
59:07.1,150
59:08.1,150
59:09.1,152
59:09.1,152
59:10.1,152
59:11.1,163
59:12.1,163
59:13.1,169
59:14.1,169
59:15.1,171
59:16.1,171
59:17.1,171
59:18.1,169
59:19.1,169
59:20.1,166
59:20.1,166
59:21.1,166
59:22.1,169
59:23.1,169
59:24.1,167
59:25.1,167
59:26.1,165
59:27.1,165
59:28.1,161
59:29.1,161
59:30.1,154
59:31.1,154
59:31.1,154
59:32.1,151
59:33.1,151
59:34.1,177
59:35.1,177
59:36.1,179
59:37.1,179
59:38.1,182
59:39.0,182
59:40.0,191
59:41.0,191
59:42.1,188
59:42.1,188
59:43.1,188
59:44.0,180
59:45.0,180
59:46.0,167
59:47.0,167
59:48.0,154
59:49.0,154
59:50.0,157
59:51.0,157
59:52.0,156
59:53.0,156
59:53.0,156
59:54.0,148
59:55.1,148
59:56.0,155
59:57.0,155
59:58.0,156
59:59.0,156
00:00.0,158
00:01.0,158
00:02.0,168
00:03.0,168
00:04.0,178
00:04.0,178
00:05.0,178
00:06.0,184
00:07.0,184
00:08.0,178
00:09.0,178
00:10.0,173
00:11.0,173
00:12.0,196
00:13.0,196
00:14.0,231
00:15.0,231
00:15.0,231
00:16.0,231
00:17.0,231
00:18.0,251
00:19.0,251
00:20.0,285
00:21.0,285
00:22.0,292
00:23.0,292
00:24.0,298
00:25.0,298
00:26.0,281
00:26.0,281
00:27.0,281
00:28.0,256
00:29.0,256
00:30.0,232
00:31.0,232
00:32.0,216
00:33.0,216
00:34.0,193
00:35.0,193
00:36.0,186
00:37.0,186
00:37.0,186
00:38.0,170
00:39.0,170
00:40.0,164
00:40.9,164
00:41.9,163
00:42.9,163
00:43.9,196
00:44.9,196
00:45.9,213
00:47.0,213
00:47.9,218
00:47.9,218
00:48.9,218
00:49.9,233
00:50.9,233
00:51.9,250
00:52.9,250
00:53.9,240
00:54.9,240
00:55.9,239
00:56.9,239
00:57.9,239
00:58.9,239
00:58.9,239
00:59.9,241
01:00.9,241
01:01.9,231
01:02.9,231
01:03.9,207
01:04.9,207
01:05.9,177
01:06.9,177
01:07.9,164
01:08.9,164
01:09.9,153
01:09.9,153
01:10.9,153
01:11.9,137
01:12.9,137
01:13.9,122
01:14.9,122
01:15.9,129
01:16.9,129
01:17.9,141
01:18.9,141
01:19.9,162
01:20.9,162
01:20.9,162
01:21.9,179
01:22.9,179
01:23.9,177
01:24.9,177
01:25.9,183
01:26.9,183
01:27.9,194
01:28.9,194
01:29.9,200
01:30.9,200
01:31.9,197
01:31.9,197
01:32.9,197
01:33.9,188
01:34.9,188
01:35.9,176
01:36.9,176
01:37.9,167
01:38.9,167
01:39.9,182
01:40.9,182
01:41.9,187
01:42.9,187
01:42.9,187
01:43.8,177
01:44.8,177
01:45.8,175
01:46.8,175
01:47.8,169
01:48.8,169
01:49.8,157
01:50.9,157
01:51.8,146
01:52.8,146
01:53.8,146
01:53.8,146
01:54.9,146
01:55.8,161
01:56.8,161
01:57.8,165
01:58.8,165
01:59.8,153
02:00.9,153
02:01.8,144
02:02.8,144
02:03.8,146
02:04.8,146
02:04.8,146
02:05.8,156
02:06.9,156
02:07.8,168
02:08.8,168
02:09.8,205
02:10.8,205
02:11.8,228
02:13.0,228
02:13.8,251
02:14.8,251
02:15.8,261
02:15.8,261
02:16.9,261
02:17.8,260
02:18.8,260
02:19.8,237
02:20.8,237
02:21.8,219
02:22.8,219
02:23.8,197
02:24.8,197
02:25.8,174
02:26.8,174
02:26.8,174
02:27.8,153
02:28.8,153
02:29.8,144
02:30.8,144
02:31.8,143
02:32.8,143
02:33.8,136
02:34.8,136
02:35.8,136
02:36.8,136
02:37.8,136
02:37.8,136
02:38.8,133
02:39.8,121
02:40.8,121
02:41.8,120
02:42.8,120
02:43.8,120
02:44.8,109
02:45.8,109
02:46.7,104
02:47.7,104
02:48.7,93
02:48.7,93
02:49.7,93
02:50.7,115
02:51.7,115
02:52.7,135
02:53.7,135
02:54.7,149
02:55.7,149
02:56.7,156
02:57.7,156
02:58.7,183
02:59.7,183
02:59.7,183
03:00.7,212
03:01.7,212
03:02.7,244
03:03.7,244
03:04.7,259
03:05.7,259
03:06.7,254
03:07.7,254
03:08.7,253
03:09.7,253
03:10.7,248
03:10.7,248
03:11.7,248
03:12.7,236
03:13.7,236
03:14.7,237
03:15.7,237
03:16.7,241
03:17.7,241
03:18.7,260
03:19.7,260
03:20.7,282
03:21.7,282
03:21.7,282
03:22.7,283
03:23.7,283
03:24.7,277
03:25.7,277
03:26.7,266
03:27.7,266
03:28.7,245
03:29.7,245
03:30.7,225
03:31.7,225
03:32.7,227
03:32.7,227
03:33.7,227
03:34.7,230
03:35.7,230
03:36.7,252
03:37.7,252
03:38.7,269
03:39.7,269
03:40.7,303
03:41.7,303
03:42.7,312
03:43.7,312
03:43.7,312
03:44.7,308
03:45.7,308
03:46.7,302
03:47.7,302
03:48.6,263
03:49.6,263
03:50.6,265
03:51.6,265
03:52.6,273
03:53.6,275
03:54.8,275
03:54.8,275
03:55.6,275
03:56.6,267
03:57.6,267
03:58.6,243
03:59.6,243
04:00.6,212
04:01.6,212
04:02.6,182
04:03.6,182
04:04.6,183
04:05.6,183
04:05.6,183
04:06.6,192
04:07.6,192
04:08.6,194
04:09.6,194
04:10.6,196
04:11.6,196
04:12.6,193
04:13.6,193
04:14.6,195
04:15.6,195
04:16.6,191
04:16.6,191
04:17.6,191
04:18.6,185
04:19.6,185
04:20.6,174
04:21.6,174
04:22.6,149
04:23.6,149
04:24.6,139
04:25.6,139
04:26.6,138
04:27.6,138
04:27.6,138
04:28.6,135
04:29.6,135
04:30.6,128
04:31.6,128
04:32.6,115
04:33.6,115
04:34.6,102
04:35.6,102
04:36.6,98
04:37.6,98
04:38.7,88
04:38.7,88
04:39.6,88
04:40.6,85
04:41.6,85
04:42.6,81
04:43.6,81
04:44.7,82
04:45.6,82
04:46.7,88
04:47.6,88
04:48.6,125
04:49.6,125
04:49.6,125
04:50.6,150
04:51.5,150
04:52.7,171
04:53.5,171
04:54.5,189
04:55.5,189
04:56.5,197
04:57.5,197
04:58.5,206
04:59.5,206
05:00.5,204
05:00.5,204
05:01.5,204
05:02.5,206
05:03.5,206
05:04.5,203
05:05.5,203
05:06.5,197
05:07.5,197
05:08.5,196
05:09.5,196
05:10.5,187
05:11.5,187
05:11.5,187
05:12.5,179
05:13.5,179
05:14.5,161
05:15.5,161
05:16.5,163
05:17.5,163
05:18.5,163
05:19.5,163
05:20.5,223
05:21.5,223
05:22.5,255
05:22.5,255
05:23.5,255
05:24.5,264
05:25.5,264
05:26.5,261
05:27.5,261
05:28.5,231
05:29.5,231
05:30.5,202
05:31.5,202
05:32.5,169
05:33.5,169
05:33.5,169
05:34.5,135
05:35.5,135
05:36.5,135
05:37.5,135
05:38.5,135
05:39.5,135
05:40.5,142
05:41.5,142
05:42.5,170
05:43.5,170
05:44.5,183
05:44.5,183
05:45.5,183
05:46.5,190
05:47.5,190
05:48.5,194
05:49.5,194
05:50.5,209
05:51.5,209
05:52.5,200
05:53.5,200
05:54.4,195
05:55.4,195
05:55.4,195
05:56.4,194
05:57.4,194
05:58.4,193
05:59.4,193
06:00.4,185
06:01.4,185
06:02.4,174
06:03.4,174
06:04.4,172
06:05.4,172
06:06.4,163
06:06.4,163
06:07.4,163
06:08.4,163
06:09.4,174
06:10.4,174
06:11.4,186
06:12.4,186
06:13.4,204
06:14.4,204
06:15.4,204
06:16.4,204
06:17.4,203
06:17.4,203
06:18.4,203
06:19.4,180
06:20.4,180
06:21.4,190
06:22.4,190
06:23.4,191
06:24.4,191
06:25.4,190
06:26.4,190
06:27.4,192
06:28.4,192
06:28.4,192
06:29.4,203
06:30.4,203
06:31.4,226
06:32.4,226
06:33.4,234
06:34.4,234
06:35.4,259
06:36.4,259
06:37.4,259
06:38.4,259
06:39.4,255
06:39.4,255
06:40.4,255
06:41.4,255
06:42.4,255
06:43.4,255
06:44.4,255
06:45.4,252
06:46.4,252
06:47.4,243
06:48.4,243
06:49.4,219
06:50.4,219
06:50.4,219
06:51.4,199
06:52.4,199
06:53.4,186
06:54.4,186
06:55.4,188
06:56.3,188
06:57.3,187
06:58.3,187
06:59.3,192
07:00.3,192
07:01.3,186
07:01.3,186
07:02.3,186
07:03.3,182
07:04.3,182
07:05.3,172
07:06.3,172
07:07.3,170
07:08.3,170
07:09.6,170
07:10.3,170
07:11.3,167
07:12.3,167
07:12.3,167
07:13.3,163
07:14.3,163
07:15.3,142
07:16.3,142
07:17.3,121
07:18.3,121
07:19.3,104
07:20.3,104
07:21.3,103
07:22.3,103
07:23.3,99
07:23.3,99
07:24.3,99
07:25.3,101
07:26.3,101
07:27.3,132
07:28.3,132
07:29.3,150
07:30.3,150
07:31.3,160
07:32.3,160
07:33.3,159
07:34.3,156
07:34.3,156
07:35.5,156
07:36.3,156
07:37.3,159
07:38.3,159
07:39.3,156
07:40.3,156
07:41.3,161
07:42.3,161
07:43.3,161
07:44.3,161
07:45.3,168
07:45.3,168
07:46.3,168
07:47.3,163
07:48.3,163
07:49.3,154
07:50.3,154
07:51.3,129
07:52.3,129
07:53.3,111
07:54.3,111
07:55.3,114
07:56.3,114
07:56.3,114
07:57.3,118
07:58.3,118
07:59.2,147
08:00.2,147
08:01.2,160
08:02.2,160
08:03.2,155
08:04.2,155
08:05.2,156
08:06.2,156
08:07.2,155
08:07.2,155
08:08.2,155
08:09.2,152
08:10.2,152
08:11.2,144
08:12.2,144
08:13.2,143
08:14.2,143
08:15.2,142
08:16.2,142
08:17.2,142
08:18.2,142
08:18.2,142
08:19.2,138
08:20.2,138
08:21.2,132
08:22.2,132
08:23.2,126
08:24.2,126
08:25.2,132
08:26.2,132
08:27.2,137
08:28.2,137
08:29.2,133
08:29.2,133
08:30.2,133
08:31.2,127
08:32.2,127
08:33.2,107
08:34.2,107
08:35.2,92
08:36.2,92
08:37.2,86
08:38.2,86
08:39.2,74
08:40.2,74
08:40.2,74
08:41.2,67
08:42.2,67
08:43.2,85
08:44.2,85
08:45.2,84
08:46.2,84
08:47.2,83
08:48.2,83
08:49.2,81
08:50.2,81
08:51.2,85
08:51.2,85
08:52.2,85
08:53.2,88
08:54.2,88
08:55.2,115
08:56.2,115
08:57.2,130
08:58.2,130
08:59.2,173
09:00.2,173
09:01.2,173
09:02.1,173
09:02.1,173
09:03.1,173
09:04.1,173
09:05.1,166
09:06.1,166
09:07.1,153
09:08.1,153
09:09.1,135
09:10.1,135
09:11.1,129
09:12.1,129
09:13.1,116
09:13.1,116
09:14.1,116
09:15.1,99
09:16.1,99
09:17.1,88
09:18.1,88
09:19.1,94
09:20.1,94
09:21.1,93
09:22.1,93
09:23.1,83
09:24.1,83
09:24.1,83
09:25.1,72
09:26.1,72
09:27.1,59
09:28.1,59
09:29.1,48
09:30.1,48
09:31.1,43
09:32.1,43
09:33.1,43
09:34.1,44
09:35.1,44
09:35.1,44
09:36.1,65
09:37.1,65
09:38.1,75
09:39.1,75
09:40.1,106
09:41.1,106
09:42.1,116
09:43.1,116
09:44.1,116
09:45.1,116
09:46.1,113
09:46.1,113
09:47.1,113
09:48.1,150
09:49.1,150
09:50.1,167
09:51.1,167
09:52.1,171
09:53.1,171
09:54.1,178
09:55.1,178
09:56.1,184
09:57.1,184
09:57.1,184
09:58.1,184
09:59.1,184
10:00.1,174
10:01.1,174
10:02.1,155
10:03.1,155
10:04.1,134
10:05.0,134
10:06.0,142
10:07.0,142
10:08.0,144
10:08.0,144
10:09.0,144
10:10.0,145
10:11.0,145
10:12.0,147
10:13.0,147
10:14.0,148
10:15.0,148
10:16.0,146
10:17.0,146
10:18.0,145
10:19.0,145
10:19.0,145
10:20.0,137
10:21.0,137
10:22.0,121
10:23.0,121
10:24.0,114
10:25.0,114
10:26.0,104
10:27.0,104
10:28.0,119
10:29.0,119
10:30.0,150
10:30.0,150
10:31.0,150
10:32.0,167
10:33.0,167
10:34.0,162
10:35.0,162
10:36.0,165
10:37.0,165
10:38.0,166
10:39.0,166
10:40.0,171
10:41.0,169
10:41.0,169
10:42.3,169
10:43.6,162
10:44.2,162
10:45.0,162
10:46.0,159
10:47.0,159
10:48.0,156
10:49.0,156
10:50.0,148
10:51.0,148
10:52.0,145
10:52.0,145
10:53.0,144
10:54.2,144
10:55.0,144
10:56.0,154
10:57.0,154
10:58.0,158
10:59.0,158
11:00.0,166
11:01.0,166
11:02.0,170
11:03.0,171
11:03.0,171
11:04.2,171
11:05.0,170
11:06.9,168
11:08.2,168
11:09.5,164
11:10.2,164
11:10.9,156
11:12.2,156
11:12.9,156
11:13.9,153
11:14.9,153
11:14.9,153
11:15.9,146
11:16.9,146
11:17.9,138
11:18.9,138
11:19.9,134
11:20.9,130
11:22.9,129
11:24.2,129
11:25.5,122
11:26.1,122
11:26.9,118
11:26.9,118
11:28.2,118
11:28.9,118
11:29.9,114
11:30.9,114
11:31.9,110
11:32.9,110
11:33.9,107
11:34.9,107
11:35.9,106
11:36.9,106
11:37.9,102
11:37.9,102
11:38.9,102
11:39.9,96
11:40.9,96
11:41.9,92
11:42.9,92
11:43.9,88
11:44.9,88
11:45.9,83
11:46.9,83
11:47.9,81
11:48.9,81
11:48.9,81
11:49.9,75
11:50.9,75
11:51.9,74
11:52.9,74
11:53.9,73
11:54.9,73
11:55.9,68
11:56.9,68
11:57.9,64
11:58.9,64
11:59.9,61
11:59.9,61
12:00.9,61
12:01.9,58
12:02.9,58
12:03.9,53
12:04.9,53
12:05.9,51
12:06.9,51
12:07.9,48
12:08.9,48
12:09.8,45
12:10.8,45
12:10.8,45
12:11.8,40
12:12.8,40
12:13.8,40
12:14.8,40
12:15.8,37
12:16.8,37
12:17.8,35
12:18.8,35
12:19.8,35
12:20.8,35
12:21.8,36
12:21.8,36
12:22.8,36
12:23.8,36
12:24.8,36
12:25.8,35
12:26.8,35
12:27.8,34
12:28.8,34