15:36:43,539
15:36:45,537
15:36:47,537
15:36:49,535
15:36:51,534
15:36:53,534
15:36:55,535
15:36:57,760
15:36:59,1389
15:37:01,1816
15:37:01,1816
15:37:03,1866
15:37:05,1872
15:37:07,1853
15:37:09,1880
15:37:11,1867
15:37:13,2036
15:37:15,2539
15:37:17,3310
15:37:19,3982
15:37:21,4605
15:37:23,5163
15:37:23,5163
15:37:25,5697
15:37:27,5521
15:37:29,5723
15:37:31,5798
15:37:33,5785
15:37:35,5995
15:37:37,5601
15:37:39,4588
15:37:41,3538
15:37:43,3044
15:37:45,3081
15:37:45,3081
15:37:47,3092
15:37:49,3068
15:37:51,2746
15:37:53,2261
15:37:55,1868
15:37:57,1539
15:37:59,1280
15:38:01,1093
15:38:03,947
15:38:05,850
15:38:07,783
15:38:07,783
15:38:09,724
15:38:11,685
15:38:13,653
15:38:15,625
15:38:17,611
15:38:19,598
15:38:21,585
15:38:23,576
15:38:25,571
15:38:27,559
15:38:29,553
15:38:29,553
15:38:31,550
15:38:33,546
15:38:35,546
15:38:37,546
15:38:39,544
15:38:41,545
15:38:43,540
15:38:45,543
15:38:47,542
15:38:49,543
15:38:51,542
15:38:51,542
15:38:53,542
15:38:55,542
15:38:57,541
15:38:59,540
15:39:01,540
15:39:03,539
15:39:05,538
15:39:07,536
15:39:09,536
15:39:11,536
15:39:13,535
15:39:13,535
15:39:15,533
15:39:17,533
15:39:19,533
15:39:21,533
15:39:23,533
15:39:25,533
15:39:27,532
15:39:29,532
15:39:31,531
15:39:33,530
15:39:35,531
15:39:35,531
15:39:37,531
15:39:39,531
15:39:39,531
